instance,seed,num_patients,MIP,Network,iLBBD1,cLBBD1,iLBBD2p,cLBBD2p,cLBBD4p
0,42,80,900.0692656040192,900.1055986881256,920.8413808345795,901.0185492038727,949.7599380016327,900.1523194313049,900.1671283245087
1,831,80,900.0841653347015,900.2466335296631,1491.767385005951,900.4937040805817,1251.1834452152252,901.669026851654,901.0973753929138
2,306,80,900.0934834480286,900.2461986541748,1307.0661036968231,900.0373470783234,1297.6567571163177,900.0813364982605,901.1332559585571
3,542,80,900.0887503623962,900.2019436359406,903.723640203476,900.1396231651306,903.9381275177002,900.0883994102478,903.6509187221527
4,1,80,900.167468547821,900.2002229690552,900.2859282493591,901.2993957996368,900.2731101512909,900.0559258460999,900.0983822345734
