instance,seed,num_patients,MIP,Network,iLBBD1,cLBBD1,iLBBD2p,cLBBD2p,cLBBD4p
0,42,80,0.0023709817825897264,0.0009832226556187056,0.0,0.012166492102704795,0.0,0.0029476972819766057,0.005396513812393192
1,831,80,0.0033967750513779343,0.0011253579046484367,0.0,0.00456756965272487,1.877391479246842e-05,0.003979798191703989,0.00760689857217484
2,306,80,0.002452071726216089,0.0019825441529881904,4.462525129615324e-05,0.004186678257501985,1.077521119435713e-05,0.006921256949844865,0.0032479001613964224
3,542,80,0.0005007165703915908,0.0028402563180011053,1.3685165068735206e-05,0.003439316218014788,2.3862336497408208e-05,0.0037720800884878335,0.0026908040484030014
4,1,80,0.004427032033981341,0.0033078298088163437,4.852886976617217e-05,0.005640670912697234,5.008289018020843e-05,0.005970856039676726,0.0071481189277745
