instance,seed,num_patients,Network
0,42,60,0.0027081258559492082
1,831,60,0.002575292164299363
2,306,60,0.003801762458083132
3,542,60,0.00705037530260953
4,1,60,0.004518627506335378
