instance,seed,num_patients,Network
0,42,20,900.1830267906189
1,831,20,901.3486173152924
2,306,20,900.2087345123291
3,542,20,900.1275477409363
4,1,20,900.1238405704498
