instance,seed,num_patients,Network
0,42,40,0.0
1,831,40,0.0
2,306,40,0.007058909428481279
3,542,40,0.003664776990816272
4,1,40,0.006188023389136636
