instance,seed,num_patients,Network
0,42,60,900.0895826816559
1,831,60,900.071863412857
2,306,60,900.290943145752
3,542,60,900.1646430492401
4,1,60,900.1142194271088
