instance,seed,num_patients,MIP,Network,iLBBD1,cLBBD1,iLBBD2p,cLBBD2p,cLBBD4p
0,42,20,0.3615400791168213,4.310190677642822,0.9347279071807861,1.1187505722045898,0.9406344890594482,0.5333750247955322,0.5601980686187744
1,831,20,1.2525684833526611,56.28038287162781,0.23692941665649414,0.7173762321472168,0.2058107852935791,0.6128833293914795,0.8326230049133301
2,306,20,2.371401786804199,93.79989624023438,0.09680509567260742,1.4670910835266113,0.09444499015808105,1.4973986148834229,1.5071079730987549
3,542,20,0.49213075637817383,214.59877848625183,0.10602188110351562,0.28242063522338867,0.08681035041809082,0.2664194107055664,0.28092145919799805
4,1,20,1.6129052639007568,206.3044331073761,1.0655632019042969,1.0744333267211914,0.9767870903015137,1.2840173244476318,0.9711306095123291
