instance,seed,num_patients,Network
0,42,20,0.002519052938521665
1,831,20,0.0006649325226476018
2,306,20,0.006488579101140954
3,542,20,0.006600008402302231
4,1,20,0.008475617749229862
