instance,seed,num_patients,Network
0,42,40,64.64389657974243
1,831,40,472.30913949012756
2,306,40,900.159553527832
3,542,40,900.1530890464783
4,1,40,1394.6011426448822
