instance,seed,num_patients,MIP,Network,iLBBD1,cLBBD1,iLBBD2p,cLBBD2p,cLBBD4p
0,42,20,0.1466236114501953,1.737123966217041,0.40790700912475586,0.4651811122894287,0.34998154640197754,0.21583962440490723,0.22078943252563477
1,831,20,0.5140745639801025,27.263973236083984,0.0911562442779541,0.3374667167663574,0.09636116027832031,0.27149462699890137,0.4160130023956299
2,306,20,1.408557415008545,121.62238836288452,0.13379907608032227,1.732640027999878,0.11664390563964844,1.7006809711456299,1.7280609607696533
3,542,20,0.6071755886077881,188.36549544334412,0.0831611156463623,0.24547600746154785,0.08076214790344238,0.23230671882629395,0.24112343788146973
4,1,20,1.2903587818145752,146.67682027816772,0.751854658126831,0.7352995872497559,0.7053704261779785,0.906456470489502,0.6455256938934326
