instance,seed,num_patients,MIP,Network,iLBBD1,cLBBD1,iLBBD2p,cLBBD2p,cLBBD4p
0,42,20,0.4095022678375244,1.8868799209594727,0.42833399772644043,0.4730722904205322,2.2426650524139404,0.22797465324401855,0.21642661094665527
1,831,20,0.6274890899658203,30.822722673416138,0.10935497283935547,0.40821385383605957,0.126143217086792,0.2841308116912842,0.39531517028808594
2,306,20,1.372298002243042,108.34575390815735,0.11044788360595703,1.50083589553833,0.10033082962036133,1.5352883338928223,1.5414204597473145
3,542,20,0.5180196762084961,186.3790521621704,0.09536147117614746,0.24594449996948242,0.06417465209960938,0.23784756660461426,0.2373061180114746
4,1,20,1.2755017280578613,145.37266898155212,0.7275009155273438,0.7115128040313721,0.6998884677886963,0.8822615146636963,0.633028507232666
