instance,seed,num_patients,MIP,Network,iLBBD1,cLBBD1,iLBBD2p,cLBBD2p,cLBBD4p
0,42,40,20.568676233291626,8.451328754425049,47.49732828140259,41.99836349487305,58.23740768432617,900.8284351825714,900.8331282138824
1,831,40,3.592783212661743,24.21071219444275,900.2423236370087,250.21154141426086,900.3258728981018,169.29993748664856,20.070232152938843
2,306,40,0.4005467891693115,18.3968403339386,0.3123302459716797,0.7079954147338867,0.21909523010253906,0.5971205234527588,0.6452715396881104
3,542,40,0.4684457778930664,3.9507501125335693,1.3206744194030762,0.22188973426818848,0.7011897563934326,0.22289705276489258,0.21608686447143555
4,1,40,2.211860418319702,32.601627588272095,66.46723675727844,1.21024751663208,150.24610495567322,14.721689224243164,3.3769898414611816
