instance,seed,num_patients,MIP,Network,iLBBD1,cLBBD1,iLBBD2p,cLBBD2p,cLBBD4p
0,42,60,3.114016056060791,19.49219584465027,14.880078792572021,20.321531295776367,9.43586277961731,55.665295124053955,15.253391742706299
1,831,60,5.513532638549805,12.543176889419556,17.95869541168213,23.467535972595215,44.19131326675415,12.353338956832886,15.917008876800537
2,306,60,15.898346900939941,32.17816472053528,15.334129095077515,4.125655651092529,0.5104117393493652,2.8007519245147705,6.5140461921691895
3,542,60,4.657156229019165,70.66761803627014,503.82156705856323,32.26926350593567,902.7048025131226,210.7425832748413,123.69403314590454
4,1,60,5.373948812484741,26.41901206970215,0.9449977874755859,0.9534063339233398,1.519735336303711,5.269590139389038,2.07259202003479
