instance,seed,num_patients,MIP,Network,iLBBD1,cLBBD1,iLBBD2p,cLBBD2p,cLBBD4p
0,42,60,3.488189697265625,20.11729145050049,15.042321681976318,19.236980199813843,8.765006065368652,57.82680010795593,11.338820219039917
1,831,60,4.152362108230591,11.994749307632446,17.545895099639893,24.66901683807373,37.26764488220215,12.620081663131714,16.370588302612305
2,306,60,11.883457660675049,29.879780530929565,14.075171947479248,3.668576955795288,0.5487532615661621,2.450458288192749,6.161468982696533
3,542,60,4.184972047805786,59.01915621757507,461.28080344200134,30.21512722969055,901.0355014801025,147.3461639881134,145.30713534355164
4,1,60,6.350224494934082,24.563517570495605,0.8940227031707764,0.89577317237854,1.4719550609588623,5.045889377593994,1.9292817115783691
